model_name,fingerprint,expected
Battery_Active_Power_Set_Response_any-to-80_100-dense_bow-v501,56902542,
Battery_Active_Power_Set_Response_any-to-80_100-dense_bow-v501,73797003,
Battery_Active_Power_Set_Response_any-to-80_100-dense_bow-v501,87529633,
Battery_Active_Power_Set_Response_any-to-80_100-dense_bow-v501,95302108,
Battery_Active_Power_Set_Response_any-to-80_100-dense_bow-v501,105483233,
Battery_Active_Power_Set_Response_any-to-80_100-dense_bow-v501,123905439,
Battery_Active_Power_Set_Response_any-to-80_100-dense_bow-v501,137747149,
Battery_Active_Power_Set_Response_any-to-80_100-dense_bow-v501,151537290,
Battery_Active_Power_Set_Response_any-to-80_100-dense_bow-v501,152193949,
Battery_Active_Power_Set_Response_any-to-80_100-dense_bow-v501,152418240,
Battery_Active_Power_Set_Response_any-to-80_100-dense_bow-v501,153595051,
Battery_Active_Power_Set_Response_any-to-80_100-dense_bow-v501,168160502,
Battery_Active_Power_Set_Response_any-to-80_100-dense_bow-v501,172255723,
Battery_Active_Power_Set_Response_any-to-80_100-dense_bow-v501,191722543,
Battery_Active_Power_Set_Response_any-to-80_100-dense_bow-v501,196504174,
Battery_Active_Power_Set_Response_any-to-80_100-dense_bow-v501,218917303,
Battery_Active_Power_Set_Response_any-to-80_100-dense_bow-v501,229272804,
Battery_Active_Power_Set_Response_any-to-80_100-dense_bow-v501,234997659,
Battery_Active_Power_Set_Response_any-to-80_100-dense_bow-v501,245039948,
Battery_Active_Power_Set_Response_any-to-80_100-dense_bow-v501,246050423,
Battery_Active_Power_Set_Response_any-to-80_100-dense_bow-v501,268345112,
Battery_Active_Power_Set_Response_any-to-80_100-dense_bow-v501,269250160,
Battery_Active_Power_Set_Response_any-to-80_100-dense_bow-v501,310884035,
Battery_Active_Power_Set_Response_any-to-80_100-dense_bow-v501,315358784,
Battery_Active_Power_Set_Response_any-to-80_100-dense_bow-v501,340922318,
Battery_Active_Power_Set_Response_any-to-80_100-dense_bow-v501,344855649,
Battery_Active_Power_Set_Response_any-to-80_100-dense_bow-v501,348914022,
Battery_Active_Power_Set_Response_any-to-80_100-dense_bow-v501,369350009,
Battery_Active_Power_Set_Response_any-to-80_100-dense_bow-v501,386693493,
Battery_Active_Power_Set_Response_any-to-80_100-dense_bow-v501,400379712,
Battery_Active_Power_Set_Response_any-to-80_100-dense_bow-v501,413826613,
Battery_Active_Power_Set_Response_any-to-80_100-dense_bow-v501,420248731,
Battery_Active_Power_Set_Response_any-to-80_100-dense_bow-v501,422124256,
Battery_Active_Power_Set_Response_any-to-80_100-dense_bow-v501,423919523,
Battery_Active_Power_Set_Response_any-to-80_100-dense_bow-v501,432575708,
Battery_Active_Power_Set_Response_any-to-80_100-dense_bow-v501,437026350,
Battery_Active_Power_Set_Response_any-to-80_100-dense_bow-v501,442846860,
Battery_Active_Power_Set_Response_any-to-80_100-dense_bow-v501,453803969,
Battery_Active_Power_Set_Response_any-to-80_100-dense_bow-v501,470581588,
Battery_Active_Power_Set_Response_any-to-80_100-dense_bow-v501,472692429,
Battery_Active_Power_Set_Response_any-to-80_100-dense_bow-v501,482908565,
Battery_Active_Power_Set_Response_any-to-80_100-dense_bow-v501,485475811,
Battery_Active_Power_Set_Response_any-to-80_100-dense_bow-v501,504136826,
Battery_Active_Power_Set_Response_any-to-80_100-dense_bow-v501,505044778,
Battery_Active_Power_Set_Response_any-to-80_100-dense_bow-v501,518876564,
Battery_Active_Power_Set_Response_any-to-80_100-dense_bow-v501,520602911,
Battery_Active_Power_Set_Response_any-to-80_100-dense_bow-v501,537692064,
Battery_Active_Power_Set_Response_any-to-80_100-dense_bow-v501,554469683,
Battery_Active_Power_Set_Response_any-to-80_100-dense_bow-v501,583123191,
Battery_Active_Power_Set_Response_any-to-80_100-dense_bow-v501,588024921,
Battery_Active_Power_Set_Response_any-to-80_100-dense_bow-v501,592531109,
Battery_Active_Power_Set_Response_any-to-80_100-dense_bow-v501,595436364,
Battery_Active_Power_Set_Response_any-to-80_100-dense_bow-v501,604470827,
Battery_Active_Power_Set_Response_any-to-80_100-dense_bow-v501,604802540,
Battery_Active_Power_Set_Response_any-to-80_100-dense_bow-v501,611332945,
Battery_Active_Power_Set_Response_any-to-80_100-dense_bow-v501,621580159,
Battery_Active_Power_Set_Response_any-to-80_100-dense_bow-v501,638357778,
Battery_Active_Power_Set_Response_any-to-80_100-dense_bow-v501,651817588,
Battery_Active_Power_Set_Response_any-to-80_100-dense_bow-v501,655135397,
Battery_Active_Power_Set_Response_any-to-80_100-dense_bow-v501,667903659,
Battery_Active_Power_Set_Response_any-to-80_100-dense_bow-v501,681272185,
Battery_Active_Power_Set_Response_any-to-80_100-dense_bow-v501,686124055,
Battery_Active_Power_Set_Response_any-to-80_100-dense_bow-v501,688559233,
Battery_Active_Power_Set_Response_any-to-80_100-dense_bow-v501,688690635,
Battery_Active_Power_Set_Response_any-to-80_100-dense_bow-v501,705468254,
Battery_Active_Power_Set_Response_any-to-80_100-dense_bow-v501,715759611,
Battery_Active_Power_Set_Response_any-to-80_100-dense_bow-v501,722245873,
Battery_Active_Power_Set_Response_any-to-80_100-dense_bow-v501,722991398,
Battery_Active_Power_Set_Response_any-to-80_100-dense_bow-v501,750758055,
Battery_Active_Power_Set_Response_any-to-80_100-dense_bow-v501,755801111,
Battery_Active_Power_Set_Response_any-to-80_100-dense_bow-v501,772028500,
Battery_Active_Power_Set_Response_any-to-80_100-dense_bow-v501,772578730,
Battery_Active_Power_Set_Response_any-to-80_100-dense_bow-v501,785817057,
Battery_Active_Power_Set_Response_any-to-80_100-dense_bow-v501,788659024,
Battery_Active_Power_Set_Response_any-to-80_100-dense_bow-v501,814370898,
Battery_Active_Power_Set_Response_any-to-80_100-dense_bow-v501,834252826,
Battery_Active_Power_Set_Response_any-to-80_100-dense_bow-v501,852163278,
Battery_Active_Power_Set_Response_any-to-80_100-dense_bow-v501,862438089,
Battery_Active_Power_Set_Response_any-to-80_100-dense_bow-v501,868940897,
Battery_Active_Power_Set_Response_any-to-80_100-dense_bow-v501,905802000,
Battery_Active_Power_Set_Response_any-to-80_100-dense_bow-v501,906102357,
Battery_Active_Power_Set_Response_any-to-80_100-dense_bow-v501,906799682,
Battery_Active_Power_Set_Response_any-to-80_100-dense_bow-v501,909435859,
Battery_Active_Power_Set_Response_any-to-80_100-dense_bow-v501,914197825,
Battery_Active_Power_Set_Response_any-to-80_100-dense_bow-v501,936680697,
Battery_Active_Power_Set_Response_any-to-80_100-dense_bow-v501,938036750,
Battery_Active_Power_Set_Response_any-to-80_100-dense_bow-v501,940354920,
Battery_Active_Power_Set_Response_any-to-80_100-dense_bow-v501,943436941,
Battery_Active_Power_Set_Response_any-to-80_100-dense_bow-v501,957132539,
Battery_Active_Power_Set_Response_any-to-80_100-dense_bow-v501,959773660,
Battery_Active_Power_Set_Response_any-to-80_100-dense_bow-v501,973998326,
Battery_Active_Power_Set_Response_any-to-80_100-dense_bow-v501,974040024,
Battery_Active_Power_Set_Response_any-to-80_100-dense_bow-v501,991266079,
Battery_Active_Power_Set_Response_any-to-80_100-dense_bow-v501,1007465396,
Battery_Active_Power_Set_Response_any-to-80_100-dense_bow-v501,1008469728,
Battery_Active_Power_Set_Response_any-to-80_100-dense_bow-v501,1018665102,
Battery_Active_Power_Set_Response_any-to-80_100-dense_bow-v501,1019792373,
Battery_Active_Power_Set_Response_any-to-80_100-dense_bow-v501,1025247347,
Battery_Active_Power_Set_Response_any-to-80_100-dense_bow-v501,1029504985,
Battery_Active_Power_Set_Response_any-to-80_100-dense_bow-v501,1101361863,
Battery_Active_Power_Set_Response_any-to-80_100-dense_bow-v501,1132895310,
Battery_Active_Power_Set_Response_any-to-80_100-dense_bow-v501,1133844597,
Battery_Active_Power_Set_Response_any-to-80_100-dense_bow-v501,1134278492,
Battery_Active_Power_Set_Response_any-to-80_100-dense_bow-v501,1154008267,
Battery_Active_Power_Set_Response_any-to-80_100-dense_bow-v501,1166825766,
Battery_Active_Power_Set_Response_any-to-80_100-dense_bow-v501,1199056387,
Battery_Active_Power_Set_Response_any-to-80_100-dense_bow-v501,1225471275,
Battery_Active_Power_Set_Response_any-to-80_100-dense_bow-v501,1231001254,
Battery_Active_Power_Set_Response_any-to-80_100-dense_bow-v501,1233517183,
Battery_Active_Power_Set_Response_any-to-80_100-dense_bow-v501,1237901420,
Battery_Active_Power_Set_Response_any-to-80_100-dense_bow-v501,1242248894,
Battery_Active_Power_Set_Response_any-to-80_100-dense_bow-v501,1272589491,
Battery_Active_Power_Set_Response_any-to-80_100-dense_bow-v501,1275422741,
Battery_Active_Power_Set_Response_any-to-80_100-dense_bow-v501,1279907088,
Battery_Active_Power_Set_Response_any-to-80_100-dense_bow-v501,1291088323,
Battery_Active_Power_Set_Response_any-to-80_100-dense_bow-v501,1297523350,
Battery_Active_Power_Set_Response_any-to-80_100-dense_bow-v501,1308188912,
Battery_Active_Power_Set_Response_any-to-80_100-dense_bow-v501,1322549491,
Battery_Active_Power_Set_Response_any-to-80_100-dense_bow-v501,1322745940,
Battery_Active_Power_Set_Response_any-to-80_100-dense_bow-v501,1336742753,
Battery_Active_Power_Set_Response_any-to-80_100-dense_bow-v501,1337728491,
Battery_Active_Power_Set_Response_any-to-80_100-dense_bow-v501,1348989040,
Battery_Active_Power_Set_Response_any-to-80_100-dense_bow-v501,1358890347,
Battery_Active_Power_Set_Response_any-to-80_100-dense_bow-v501,1371680821,
Battery_Active_Power_Set_Response_any-to-80_100-dense_bow-v501,1380570876,
Battery_Active_Power_Set_Response_any-to-80_100-dense_bow-v501,1383076411,
Battery_Active_Power_Set_Response_any-to-80_100-dense_bow-v501,1413506807,
Battery_Active_Power_Set_Response_any-to-80_100-dense_bow-v501,1421072133,
Battery_Active_Power_Set_Response_any-to-80_100-dense_bow-v501,1422204966,
Battery_Active_Power_Set_Response_any-to-80_100-dense_bow-v501,1422455229,
Battery_Active_Power_Set_Response_any-to-80_100-dense_bow-v501,1426424689,
Battery_Active_Power_Set_Response_any-to-80_100-dense_bow-v501,1464607992,
Battery_Active_Power_Set_Response_any-to-80_100-dense_bow-v501,1472935181,
Battery_Active_Power_Set_Response_any-to-80_100-dense_bow-v501,1474450413,
Battery_Active_Power_Set_Response_any-to-80_100-dense_bow-v501,1490698538,
Battery_Active_Power_Set_Response_any-to-80_100-dense_bow-v501,1493913179,
Battery_Active_Power_Set_Response_any-to-80_100-dense_bow-v501,1503361373,
Battery_Active_Power_Set_Response_any-to-80_100-dense_bow-v501,1507623252,
Battery_Active_Power_Set_Response_any-to-80_100-dense_bow-v501,1526810020,
Battery_Active_Power_Set_Response_any-to-80_100-dense_bow-v501,1544246036,
Battery_Active_Power_Set_Response_any-to-80_100-dense_bow-v501,1551422446,
Battery_Active_Power_Set_Response_any-to-80_100-dense_bow-v501,1552768473,
Battery_Active_Power_Set_Response_any-to-80_100-dense_bow-v501,1563002348,
Battery_Active_Power_Set_Response_any-to-80_100-dense_bow-v501,1592929433,
Battery_Active_Power_Set_Response_any-to-80_100-dense_bow-v501,1618641165,
Battery_Active_Power_Set_Response_any-to-80_100-dense_bow-v501,1631671751,
Battery_Active_Power_Set_Response_any-to-80_100-dense_bow-v501,1634355658,
Battery_Active_Power_Set_Response_any-to-80_100-dense_bow-v501,1672639265,
Battery_Active_Power_Set_Response_any-to-80_100-dense_bow-v501,1673022078,
Battery_Active_Power_Set_Response_any-to-80_100-dense_bow-v501,1676973560,
Battery_Active_Power_Set_Response_any-to-80_100-dense_bow-v501,1701466134,
Battery_Active_Power_Set_Response_any-to-80_100-dense_bow-v501,1715922548,
Battery_Active_Power_Set_Response_any-to-80_100-dense_bow-v501,1738714061,
Battery_Active_Power_Set_Response_any-to-80_100-dense_bow-v501,1753295453,
Battery_Active_Power_Set_Response_any-to-80_100-dense_bow-v501,1791121296,
Battery_Active_Power_Set_Response_any-to-80_100-dense_bow-v501,1807898915,
Battery_Active_Power_Set_Response_any-to-80_100-dense_bow-v501,1824796653,
Battery_Active_Power_Set_Response_any-to-80_100-dense_bow-v501,1844228966,
Battery_Active_Power_Set_Response_any-to-80_100-dense_bow-v501,1856848942,
Battery_Active_Power_Set_Response_any-to-80_100-dense_bow-v501,1857485670,
Battery_Active_Power_Set_Response_any-to-80_100-dense_bow-v501,1869095229,
Battery_Active_Power_Set_Response_any-to-80_100-dense_bow-v501,1909594560,
Battery_Active_Power_Set_Response_any-to-80_100-dense_bow-v501,1909655188,
Battery_Active_Power_Set_Response_any-to-80_100-dense_bow-v501,1912257355,
Battery_Active_Power_Set_Response_any-to-80_100-dense_bow-v501,1964923703,
Battery_Active_Power_Set_Response_any-to-80_100-dense_bow-v501,1966073399,
Battery_Active_Power_Set_Response_any-to-80_100-dense_bow-v501,2010199314,
Battery_Active_Power_Set_Response_any-to-80_100-dense_bow-v501,2019403376,
Battery_Active_Power_Set_Response_any-to-80_100-dense_bow-v501,2023129813,
Battery_Active_Power_Set_Response_any-to-80_100-dense_bow-v501,2101972366,
Battery_Active_Power_Set_Response_any-to-80_100-dense_bow-v501,2115288932,
Battery_Active_Power_Set_Response_any-to-80_100-dense_bow-v501,2117791634,
Battery_Active_Power_Set_Response_any-to-80_100-dense_bow-v501,2118749985,
Battery_Active_Power_Set_Response_any-to-80_100-dense_bow-v501,2128843830,
Battery_Active_Power_Set_Response_any-to-80_100-dense_bow-v501,2134410970,
Battery_Active_Power_Set_Response_any-to-80_100-dense_bow-v501,2151169906,
Battery_Active_Power_Set_Response_any-to-80_100-dense_bow-v501,2152616180,
Battery_Active_Power_Set_Response_any-to-80_100-dense_bow-v501,2153902349,
Battery_Active_Power_Set_Response_any-to-80_100-dense_bow-v501,2166136261,
Battery_Active_Power_Set_Response_any-to-80_100-dense_bow-v501,2176312758,
Battery_Active_Power_Set_Response_any-to-80_100-dense_bow-v501,2194666988,
Battery_Active_Power_Set_Response_any-to-80_100-dense_bow-v501,2210528991,
Battery_Active_Power_Set_Response_any-to-80_100-dense_bow-v501,2224849773,
Battery_Active_Power_Set_Response_any-to-80_100-dense_bow-v501,2230634987,
Battery_Active_Power_Set_Response_any-to-80_100-dense_bow-v501,2232977108,
Battery_Active_Power_Set_Response_any-to-80_100-dense_bow-v501,2250761890,
Battery_Active_Power_Set_Response_any-to-80_100-dense_bow-v501,2261352440,
Battery_Active_Power_Set_Response_any-to-80_100-dense_bow-v501,2267200307,
Battery_Active_Power_Set_Response_any-to-80_100-dense_bow-v501,2269682532,
Battery_Active_Power_Set_Response_any-to-80_100-dense_bow-v501,2278702178,
Battery_Active_Power_Set_Response_any-to-80_100-dense_bow-v501,2280673654,
Battery_Active_Power_Set_Response_any-to-80_100-dense_bow-v501,2281114939,
Battery_Active_Power_Set_Response_any-to-80_100-dense_bow-v501,2292348937,
Battery_Active_Power_Set_Response_any-to-80_100-dense_bow-v501,2344793793,
Battery_Active_Power_Set_Response_any-to-80_100-dense_bow-v501,2377918636,
Battery_Active_Power_Set_Response_any-to-80_100-dense_bow-v501,2396793390,
Battery_Active_Power_Set_Response_any-to-80_100-dense_bow-v501,2399145646,
Battery_Active_Power_Set_Response_any-to-80_100-dense_bow-v501,2405766351,
Battery_Active_Power_Set_Response_any-to-80_100-dense_bow-v501,2412084487,
Battery_Active_Power_Set_Response_any-to-80_100-dense_bow-v501,2427729273,
Battery_Active_Power_Set_Response_any-to-80_100-dense_bow-v501,2432113510,
Battery_Active_Power_Set_Response_any-to-80_100-dense_bow-v501,2480407110,
Battery_Active_Power_Set_Response_any-to-80_100-dense_bow-v501,2512555373,
Battery_Active_Power_Set_Response_any-to-80_100-dense_bow-v501,2567961960,
Battery_Active_Power_Set_Response_any-to-80_100-dense_bow-v501,2575239338,
Battery_Active_Power_Set_Response_any-to-80_100-dense_bow-v501,2576772873,
Battery_Active_Power_Set_Response_any-to-80_100-dense_bow-v501,2586848442,
Battery_Active_Power_Set_Response_any-to-80_100-dense_bow-v501,2621714480,
Battery_Active_Power_Set_Response_any-to-80_100-dense_bow-v501,2625427489,
Battery_Active_Power_Set_Response_any-to-80_100-dense_bow-v501,2632756884,
Battery_Active_Power_Set_Response_any-to-80_100-dense_bow-v501,2642842750,
Battery_Active_Power_Set_Response_any-to-80_100-dense_bow-v501,2644434878,
Battery_Active_Power_Set_Response_any-to-80_100-dense_bow-v501,2661474304,
Battery_Active_Power_Set_Response_any-to-80_100-dense_bow-v501,2689648023,
Battery_Active_Power_Set_Response_any-to-80_100-dense_bow-v501,2693152466,
Battery_Active_Power_Set_Response_any-to-80_100-dense_bow-v501,2701799751,
Battery_Active_Power_Set_Response_any-to-80_100-dense_bow-v501,2706415022,
Battery_Active_Power_Set_Response_any-to-80_100-dense_bow-v501,2714218225,
Battery_Active_Power_Set_Response_any-to-80_100-dense_bow-v501,2715293776,
Battery_Active_Power_Set_Response_any-to-80_100-dense_bow-v501,2724718345,
Battery_Active_Power_Set_Response_any-to-80_100-dense_bow-v501,2735464435,
Battery_Active_Power_Set_Response_any-to-80_100-dense_bow-v501,2740986964,
Battery_Active_Power_Set_Response_any-to-80_100-dense_bow-v501,2745880201,
Battery_Active_Power_Set_Response_any-to-80_100-dense_bow-v501,2748475510,
Battery_Active_Power_Set_Response_any-to-80_100-dense_bow-v501,2764120296,
Battery_Active_Power_Set_Response_any-to-80_100-dense_bow-v501,2779612929,
Battery_Active_Power_Set_Response_any-to-80_100-dense_bow-v501,2782202344,
Battery_Active_Power_Set_Response_any-to-80_100-dense_bow-v501,2786124302,
Battery_Active_Power_Set_Response_any-to-80_100-dense_bow-v501,2797675534,
Battery_Active_Power_Set_Response_any-to-80_100-dense_bow-v501,2802141564,
Battery_Active_Power_Set_Response_any-to-80_100-dense_bow-v501,2803885766,
Battery_Active_Power_Set_Response_any-to-80_100-dense_bow-v501,2814453153,
Battery_Active_Power_Set_Response_any-to-80_100-dense_bow-v501,2823617421,
Battery_Active_Power_Set_Response_any-to-80_100-dense_bow-v501,2829259296,
Battery_Active_Power_Set_Response_any-to-80_100-dense_bow-v501,2831934249,
Battery_Active_Power_Set_Response_any-to-80_100-dense_bow-v501,2845239683,
Battery_Active_Power_Set_Response_any-to-80_100-dense_bow-v501,2852907768,
Battery_Active_Power_Set_Response_any-to-80_100-dense_bow-v501,2858579953,
Battery_Active_Power_Set_Response_any-to-80_100-dense_bow-v501,2886790016,
Battery_Active_Power_Set_Response_any-to-80_100-dense_bow-v501,2908740928,
Battery_Active_Power_Set_Response_any-to-80_100-dense_bow-v501,2916410328,
Battery_Active_Power_Set_Response_any-to-80_100-dense_bow-v501,2932643494,
Battery_Active_Power_Set_Response_any-to-80_100-dense_bow-v501,2949336340,
Battery_Active_Power_Set_Response_any-to-80_100-dense_bow-v501,2981390700,
Battery_Active_Power_Set_Response_any-to-80_100-dense_bow-v501,2998168319,
Battery_Active_Power_Set_Response_any-to-80_100-dense_bow-v501,3021404085,
Battery_Active_Power_Set_Response_any-to-80_100-dense_bow-v501,3038182172,
Battery_Active_Power_Set_Response_any-to-80_100-dense_bow-v501,3066264533,
Battery_Active_Power_Set_Response_any-to-80_100-dense_bow-v501,3097219069,
Battery_Active_Power_Set_Response_any-to-80_100-dense_bow-v501,3104572053,
Battery_Active_Power_Set_Response_any-to-80_100-dense_bow-v501,3110439720,
Battery_Active_Power_Set_Response_any-to-80_100-dense_bow-v501,3158504265,
Battery_Active_Power_Set_Response_any-to-80_100-dense_bow-v501,3159205098,
Battery_Active_Power_Set_Response_any-to-80_100-dense_bow-v501,3182291520,
Battery_Active_Power_Set_Response_any-to-80_100-dense_bow-v501,3222007936,
Battery_Active_Power_Set_Response_any-to-80_100-dense_bow-v501,3233577205,
Battery_Active_Power_Set_Response_any-to-80_100-dense_bow-v501,3258095375,
Battery_Active_Power_Set_Response_any-to-80_100-dense_bow-v501,3272290162,
Battery_Active_Power_Set_Response_any-to-80_100-dense_bow-v501,3301381297,
Battery_Active_Power_Set_Response_any-to-80_100-dense_bow-v501,3305896031,
Battery_Active_Power_Set_Response_any-to-80_100-dense_bow-v501,3306062176,
Battery_Active_Power_Set_Response_any-to-80_100-dense_bow-v501,3317026615,
Battery_Active_Power_Set_Response_any-to-80_100-dense_bow-v501,3339451269,
Battery_Active_Power_Set_Response_any-to-80_100-dense_bow-v501,3343810583,
Battery_Active_Power_Set_Response_any-to-80_100-dense_bow-v501,3373043004,
Battery_Active_Power_Set_Response_any-to-80_100-dense_bow-v501,3379097676,
Battery_Active_Power_Set_Response_any-to-80_100-dense_bow-v501,3410288427,
Battery_Active_Power_Set_Response_any-to-80_100-dense_bow-v501,3421808403,
Battery_Active_Power_Set_Response_any-to-80_100-dense_bow-v501,3438480969,
Battery_Active_Power_Set_Response_any-to-80_100-dense_bow-v501,3454328022,
Battery_Active_Power_Set_Response_any-to-80_100-dense_bow-v501,3455192179,
Battery_Active_Power_Set_Response_any-to-80_100-dense_bow-v501,3456770586,
Battery_Active_Power_Set_Response_any-to-80_100-dense_bow-v501,3467642403,
Battery_Active_Power_Set_Response_any-to-80_100-dense_bow-v501,3469819679,
Battery_Active_Power_Set_Response_any-to-80_100-dense_bow-v501,3489843489,
Battery_Active_Power_Set_Response_any-to-80_100-dense_bow-v501,3490976949,
Battery_Active_Power_Set_Response_any-to-80_100-dense_bow-v501,3497159869,
Battery_Active_Power_Set_Response_any-to-80_100-dense_bow-v501,3503038905,
Battery_Active_Power_Set_Response_any-to-80_100-dense_bow-v501,3510222857,
Battery_Active_Power_Set_Response_any-to-80_100-dense_bow-v501,3540937242,
Battery_Active_Power_Set_Response_any-to-80_100-dense_bow-v501,3557010086,
Battery_Active_Power_Set_Response_any-to-80_100-dense_bow-v501,3557714861,
Battery_Active_Power_Set_Response_any-to-80_100-dense_bow-v501,3564196755,
Battery_Active_Power_Set_Response_any-to-80_100-dense_bow-v501,3592174829,
Battery_Active_Power_Set_Response_any-to-80_100-dense_bow-v501,3597060775,
Battery_Active_Power_Set_Response_any-to-80_100-dense_bow-v501,3604284380,
Battery_Active_Power_Set_Response_any-to-80_100-dense_bow-v501,3653742265,
Battery_Active_Power_Set_Response_any-to-80_100-dense_bow-v501,3655188676,
Battery_Active_Power_Set_Response_any-to-80_100-dense_bow-v501,3714345003,
Battery_Active_Power_Set_Response_any-to-80_100-dense_bow-v501,3756818346,
Battery_Active_Power_Set_Response_any-to-80_100-dense_bow-v501,3758754699,
Battery_Active_Power_Set_Response_any-to-80_100-dense_bow-v501,3767817363,
Battery_Active_Power_Set_Response_any-to-80_100-dense_bow-v501,3768964588,
Battery_Active_Power_Set_Response_any-to-80_100-dense_bow-v501,3775669363,
Battery_Active_Power_Set_Response_any-to-80_100-dense_bow-v501,3780241618,
Battery_Active_Power_Set_Response_any-to-80_100-dense_bow-v501,3783852420,
Battery_Active_Power_Set_Response_any-to-80_100-dense_bow-v501,3800630039,
Battery_Active_Power_Set_Response_any-to-80_100-dense_bow-v501,3822755811,
Battery_Active_Power_Set_Response_any-to-80_100-dense_bow-v501,3826925561,
Battery_Active_Power_Set_Response_any-to-80_100-dense_bow-v501,3842779839,
Battery_Active_Power_Set_Response_any-to-80_100-dense_bow-v501,3847183424,
Battery_Active_Power_Set_Response_any-to-80_100-dense_bow-v501,3855368904,
Battery_Active_Power_Set_Response_any-to-80_100-dense_bow-v501,3864819428,
Battery_Active_Power_Set_Response_any-to-80_100-dense_bow-v501,3874546733,
Battery_Active_Power_Set_Response_any-to-80_100-dense_bow-v501,3884369373,
Battery_Active_Power_Set_Response_any-to-80_100-dense_bow-v501,3887904346,
Battery_Active_Power_Set_Response_any-to-80_100-dense_bow-v501,3893112696,
Battery_Active_Power_Set_Response_any-to-80_100-dense_bow-v501,3896265525,
Battery_Active_Power_Set_Response_any-to-80_100-dense_bow-v501,3899409352,
Battery_Active_Power_Set_Response_any-to-80_100-dense_bow-v501,3938532333,
Battery_Active_Power_Set_Response_any-to-80_100-dense_bow-v501,4017170097,
Battery_Active_Power_Set_Response_any-to-80_100-dense_bow-v501,4044111267,
Battery_Active_Power_Set_Response_any-to-80_100-dense_bow-v501,4045323852,
Battery_Active_Power_Set_Response_any-to-80_100-dense_bow-v501,4056664653,
Battery_Active_Power_Set_Response_any-to-80_100-dense_bow-v501,4077666505,
Battery_Active_Power_Set_Response_any-to-80_100-dense_bow-v501,4081190687,
Battery_Active_Power_Set_Response_any-to-80_100-dense_bow-v501,4089007744,
Battery_Active_Power_Set_Response_any-to-80_100-dense_bow-v501,4094332309,
Battery_Active_Power_Set_Response_any-to-80_100-dense_bow-v501,4094444124,
Battery_Active_Power_Set_Response_any-to-80_100-dense_bow-v501,4099939454,
Battery_Active_Power_Set_Response_any-to-80_100-dense_bow-v501,4107903934,
Battery_Active_Power_Set_Response_any-to-80_100-dense_bow-v501,4111221743,
Battery_Active_Power_Set_Response_any-to-80_100-dense_bow-v501,4124907962,
Battery_Active_Power_Set_Response_any-to-80_100-dense_bow-v501,4126170898,
Battery_Active_Power_Set_Response_any-to-80_100-dense_bow-v501,4126549861,
Battery_Active_Power_Set_Response_any-to-80_100-dense_bow-v501,4142411787,
Battery_Active_Power_Set_Response_any-to-80_100-dense_bow-v501,4155685184,
Battery_Active_Power_Set_Response_any-to-80_100-dense_bow-v501,4161554600,
Battery_Active_Power_Set_Response_any-to-80_100-dense_bow-v501,4169497340,
Battery_Active_Power_Set_Response_any-to-80_100-dense_bow-v501,4172009463,
Battery_Active_Power_Set_Response_any-to-80_100-dense_bow-v501,4218726870,
Battery_Active_Power_Set_Response_any-to-80_100-dense_bow-v501,4223507973,
Battery_Active_Power_Set_Response_any-to-80_100-dense_bow-v501,4228665076,
Battery_Active_Power_Set_Response_any-to-80_100-dense_bow-v501,4251148599,
Battery_Active_Power_Set_Response_any-to-80_100-dense_bow-v501,4251971147,
Battery_Active_Power_Set_Response_any-to-80_100-dense_bow-v501,4278997933,
Battery_Active_Power_Set_Response_any-to-80_100-dense_bow-v501,4292604838,
